,,Accuracy,Precision,Recall,F1 Score,Balanced Accuracy,MCC,ROC-AUC,PR-AUC,Cross Entropy,NLL,Validation Loss,Test Loss,Expected Calibration Error (ECE),Maximum Calibration Error (MCE),Brier Score,Reliability Diagram Area,Hallucination Rate,False Positive Rate,False Discovery Rate,Contradiction Acceptance Rate,Truthfulness Score,Abstention Accuracy,Gradient Variance,Gradient Norm,Gradient Signal-to-Noise Ratio,Gradient Cosine Similarity,Gradient Entropy,Hessian Trace,Hessian Largest Eigenvalue,Hessian Spectral Radius,Hessian Condition Number,Sharpness-Aware Loss,Jacobian Frobenius Norm,Jacobian Spectral Norm,Jacobian Rank,Jacobian Condition Number,Lipschitz Constant,Local Lipschitz Constant,Adversarial Lipschitz Bound,Output Entropy,Attention Entropy,Layer Entropy,Predictive Entropy,KL Divergence,Jensen-Shannon Divergence,Wasserstein Distance,Mutual Information,Fisher Information,Information Bottleneck Score,Effective Rank,Stable Rank,Participation Ratio,Spectral Decay Rate,Nuclear Norm,CKA Similarity,SVCCA,Representation Collapse Index,Lyapunov Exponent,Phase Space Contraction Rate,Attractor Dimension,Basin Stability,State Divergence Rate,Recurrence Statistics,5. Dynamics: Epistemic Leakage,L0 Sparsity,L1 Sparsity,Weight Density,Activation Sparsity,Gate Sparsity,Attention Sparsity,Head Diversity,Head Redundancy,QK_T Largest Singular Value,Attention Effective Rank,Token Routing Entropy,Token Utilization
Noise_0.0%,GPT_Omni_MoE_Proxy,0.00% ± 0.00,92.41% ± 2.44,1.0000 ± 0.0000,0.9601 ± 0.0133,99.72% ± 0.10,0.9584 ± 0.0137,0.9972 ± 0.0010,0.9241 ± 0.0244,0.7260 ± 0.0040,0.7260 ± 0.0040,0.7260 ± 0.0040,0.7260 ± 0.0040,0.5046 ± 0.0019,0.7345 ± 0.0195,0.2701 ± 0.0020,0.0625 ± 0.0000,0.0056 ± 0.0020,0.0056 ± 0.0020,0.0759 ± 0.0244,0.0759 ± 0.0244,0.9944 ± 0.0020,85.09% ± 0.59,0.000651 ± 0.000132,0.3176 ± 0.0327,0.2499 ± 0.0511,-0.0062 ± 0.0630,4.8518 ± 0.0001,6.3409 ± 0.6577,0.2953 ± 0.0361,0.2953 ± 0.0361,22.1001 ± 3.3711,0.0002 ± 0.0002,103.3900 ± 3.1092,102.0649 ± 3.1227,16.0000 ± 0.0000,53.9581 ± 3.5894,3844342.1306 ± 268366.6638,102.0649 ± 3.1227,153.0974 ± 4.6840,0.6574 ± 0.0005,0.1697 ± 0.0002,0.0000 ± 0.0000,0.6574 ± 0.0005,N/A,0.1735 ± 0.0006,0.5046 ± 0.0019,N/A,4.5750 ± 0.0375,N/A,113.9792 ± 0.1641,59.5082 ± 0.8965,109.2560 ± 0.2261,1.0139 ± 0.0026,265.7577 ± 2.5439,0.6451 ± 0.0029,0.5806 ± 0.0026,0.0088 ± 0.0000,3.9358 ± 0.0174,-503.7847 ± 2.2289,127.0000 ± 0.0000,0.0195 ± 0.0003,0.0001 ± 0.0000,0.9999 ± 0.0000,234.01% ± 8.63,0.0006 ± 0.0001,0.1422 ± 0.0013,0.9994 ± 0.0001,0.0001 ± 0.0000,0.0000 ± 0.0000,0.0001 ± 0.0001,0.0000 ± 0.0000,1000000000.0000 ± 0.0000,220.3812 ± 13.7865,15.6640 ± 0.0589,0.1612 ± 0.0002,0.7723 ± 0.0065
Noise_0.0%,Mamba_SSM_Proxy,0.00% ± 0.00,99.80% ± 0.39,0.9040 ± 0.0525,0.9467 ± 0.0288,95.19% ± 2.62,0.9459 ± 0.0287,0.9519 ± 0.0262,0.9020 ± 0.0513,0.6745 ± 0.0050,0.6745 ± 0.0050,0.6745 ± 0.0050,0.6745 ± 0.0050,0.4767 ± 0.0024,0.5589 ± 0.0243,0.2442 ± 0.0023,0.0625 ± 0.0000,0.0001 ± 0.0003,0.0001 ± 0.0003,0.0020 ± 0.0039,0.0020 ± 0.0039,0.9999 ± 0.0003,89.04% ± 0.31,0.949906 ± 1.128001,8.5278 ± 8.5154,0.0083 ± 0.0090,-0.0210 ± 0.0306,4.2944 ± 1.4287,91.9257 ± 152.0811,143.4639 ± 155.4384,143.4639 ± 155.4384,4.7093 ± 5.0989,0.0007 ± 0.0007,81.2318 ± 27.9458,67.5324 ± 19.6693,16.0000 ± 0.0000,290.4698 ± 83.1180,17.6561 ± 2.3099,67.5324 ± 19.6693,101.2986 ± 29.5040,0.6627 ± 0.0032,0.0000 ± 0.0000,0.0000 ± 0.0000,0.6627 ± 0.0032,N/A,0.1647 ± 0.0008,0.4815 ± 0.0027,N/A,4.0604 ± 0.0405,N/A,40.5692 ± 0.6285,11.0293 ± 0.5449,29.0723 ± 0.3719,1.0542 ± 0.0232,54.7006 ± 2.7883,0.3438 ± 0.0028,0.3095 ± 0.0025,0.0247 ± 0.0004,3.9358 ± 0.0932,-503.7790 ± 11.9288,127.0000 ± 0.0000,0.0197 ± 0.0017,0.0001 ± 0.0000,0.9999 ± 0.0000,262.79% ± 17.99,0.0055 ± 0.0008,0.0529 ± 0.0029,0.9945 ± 0.0008,0.0001 ± 0.0000,0.0000 ± 0.0000,0.9375 ± 0.0000,0.0000 ± 0.0000,1000000000.0000 ± 0.0000,26402.8742 ± 20616.0223,2.1426 ± 0.1440,0.0000 ± 0.0000,0.0625 ± 0.0000
Noise_0.0%,SAGUS,0.00% ± 0.00,28.77% ± 0.97,0.9420 ± 0.0249,0.4407 ± 0.0137,89.32% ± 1.35,0.4718 ± 0.0173,0.8932 ± 0.0135,0.2715 ± 0.0157,0.8928 ± 0.0067,0.8928 ± 0.0067,0.8928 ± 0.0067,0.8928 ± 0.0067,0.5284 ± 0.0017,0.6268 ± 0.0118,0.3245 ± 0.0022,0.0625 ± 0.0000,0.1557 ± 0.0043,0.1557 ± 0.0043,0.7123 ± 0.0097,0.7123 ± 0.0097,0.8443 ± 0.0043,68.81% ± 0.70,N/A,4.8050 ± 1.7423,N/A,-0.4000 ± 0.5988,0.0000 ± 0.0000,5.3658 ± 9.0636,5.3658 ± 9.0636,11.9180 ± 5.8147,1.0000 ± 0.0000,0.1177 ± 0.1637,770.3692 ± 67.5320,605.7218 ± 23.0023,16.0000 ± 0.0000,51.9134 ± 10.0066,3.4711 ± 0.0897,605.7218 ± 23.0023,908.5827 ± 34.5035,0.6249 ± 0.0014,0.0806 ± 0.0003,0.0000 ± 0.0000,0.6249 ± 0.0014,N/A,0.1862 ± 0.0006,0.5446 ± 0.0021,N/A,32.0114 ± 2.3591,N/A,119.4964 ± 0.0318,75.8508 ± 0.6042,117.8683 ± 0.0344,1.0118 ± 0.0041,313.2794 ± 5.9568,0.8729 ± 0.0026,0.7856 ± 0.0024,0.0084 ± 0.0000,9.4524 ± 0.6541,-1209.9069 ± 83.7293,127.0000 ± 0.0000,0.0001 ± 0.0001,0.0076 ± 0.0045,0.9925 ± 0.0044,91.24% ± 4.49,0.0011 ± 0.0001,0.2800 ± 0.0022,0.9989 ± 0.0001,0.0000 ± 0.0000,0.0000 ± 0.0000,0.5404 ± 0.0040,0.0000 ± 0.0000,1000000000.0000 ± 0.0000,63019.2777 ± 14174.9040,14.8073 ± 0.0891,0.0766 ± 0.0003,0.2471 ± 0.0010
Noise_25.0%,GPT_Omni_MoE_Proxy,0.00% ± 0.00,94.03% ± 1.38,1.0000 ± 0.0000,0.9691 ± 0.0074,99.79% ± 0.05,0.9676 ± 0.0076,0.9979 ± 0.0005,0.9403 ± 0.0138,0.7217 ± 0.0027,0.7217 ± 0.0027,0.7217 ± 0.0027,0.7217 ± 0.0027,0.5028 ± 0.0012,0.7221 ± 0.0040,0.2679 ± 0.0013,0.0625 ± 0.0000,0.0043 ± 0.0011,0.0043 ± 0.0011,0.0597 ± 0.0138,0.0597 ± 0.0138,0.9957 ± 0.0011,85.69% ± 0.60,0.000944 ± 0.000217,0.3713 ± 0.0497,0.1875 ± 0.0444,-0.0076 ± 0.0787,4.8516 ± 0.0001,6.1002 ± 0.7670,0.2976 ± 0.0660,0.2976 ± 0.0660,23.0136 ± 5.4850,0.0002 ± 0.0002,106.3931 ± 5.5295,105.0237 ± 5.6555,16.0000 ± 0.0000,56.7485 ± 6.5465,3720970.7669 ± 435904.3371,105.0237 ± 5.6555,157.5355 ± 8.4833,0.6582 ± 0.0004,0.1697 ± 0.0002,0.0000 ± 0.0000,0.6582 ± 0.0004,N/A,0.1729 ± 0.0004,0.5028 ± 0.0012,N/A,4.5238 ± 0.0264,N/A,113.9459 ± 0.1863,58.8942 ± 1.0553,109.1385 ± 0.2248,1.0137 ± 0.0052,267.4089 ± 0.8597,0.6457 ± 0.0048,0.5811 ± 0.0043,0.0088 ± 0.0000,3.9405 ± 0.0179,-504.3899 ± 2.2865,127.0000 ± 0.0000,0.0194 ± 0.0003,0.0001 ± 0.0000,0.9999 ± 0.0000,258.37% ± 9.14,0.0006 ± 0.0000,0.1430 ± 0.0008,0.9994 ± 0.0000,0.0001 ± 0.0000,0.0000 ± 0.0000,0.0001 ± 0.0001,0.0000 ± 0.0000,1000000000.0000 ± 0.0000,220.3283 ± 10.0505,15.6543 ± 0.0388,0.1612 ± 0.0002,0.7745 ± 0.0056
Noise_25.0%,Mamba_SSM_Proxy,0.00% ± 0.00,99.58% ± 0.34,0.9320 ± 0.0532,0.9608 ± 0.0303,96.59% ± 2.66,0.9602 ± 0.0299,0.9659 ± 0.0266,0.9280 ± 0.0527,0.6745 ± 0.0024,0.6745 ± 0.0024,0.6745 ± 0.0024,0.6745 ± 0.0024,0.4776 ± 0.0016,0.5730 ± 0.0230,0.2445 ± 0.0010,0.0625 ± 0.0000,0.0003 ± 0.0002,0.0003 ± 0.0002,0.0042 ± 0.0034,0.0042 ± 0.0034,0.9997 ± 0.0002,89.12% ± 0.27,0.047752 ± 0.072492,1.7594 ± 1.9691,0.0035 ± 0.0038,-0.0590 ± 0.0484,5.4320 ± 0.1636,23.6060 ± 20.2819,23.2819 ± 26.9490,23.2819 ± 26.9490,2.1805 ± 1.7899,0.0009 ± 0.0015,63.7847 ± 7.9215,56.1255 ± 5.9339,16.0000 ± 0.0000,206.1431 ± 66.3153,15.1585 ± 1.4457,56.1255 ± 5.9339,84.1883 ± 8.9008,0.6606 ± 0.0024,0.0000 ± 0.0000,0.0000 ± 0.0000,0.6606 ± 0.0024,N/A,0.1649 ± 0.0003,0.4810 ± 0.0016,N/A,4.0681 ± 0.0161,N/A,40.2822 ± 0.7133,10.8638 ± 0.5330,28.9252 ± 0.3896,1.0719 ± 0.0379,53.6820 ± 3.7700,0.3476 ± 0.0024,0.3129 ± 0.0022,0.0248 ± 0.0004,3.9200 ± 0.1055,-501.7603 ± 13.5091,127.0000 ± 0.0000,0.0201 ± 0.0019,0.0001 ± 0.0000,0.9999 ± 0.0000,262.08% ± 14.22,0.0057 ± 0.0011,0.0522 ± 0.0040,0.9943 ± 0.0011,0.0001 ± 0.0000,0.0000 ± 0.0000,0.9375 ± 0.0000,0.0000 ± 0.0000,1000000000.0000 ± 0.0000,15125.0598 ± 20563.8285,2.4425 ± 0.2013,0.0000 ± 0.0000,0.0625 ± 0.0000
Noise_25.0%,SAGUS,0.00% ± 0.00,28.20% ± 1.60,0.9210 ± 0.0466,0.4316 ± 0.0236,88.22% ± 2.51,0.4590 ± 0.0311,0.8822 ± 0.0251,0.2613 ± 0.0256,0.8825 ± 0.0086,0.8825 ± 0.0086,0.8825 ± 0.0086,0.8825 ± 0.0086,0.5275 ± 0.0019,0.6413 ± 0.0218,0.3232 ± 0.0028,0.0625 ± 0.0000,0.1567 ± 0.0059,0.1567 ± 0.0059,0.7180 ± 0.0160,0.7180 ± 0.0160,0.8433 ± 0.0059,68.39% ± 0.42,N/A,2.7390 ± 1.5504,N/A,-0.4000 ± 0.5988,0.0000 ± 0.0000,0.4735 ± 5.7459,0.4735 ± 5.7459,7.2641 ± 3.2538,1.0000 ± 0.0000,0.0349 ± 0.0306,714.8401 ± 35.1937,577.2285 ± 26.7860,16.0000 ± 0.0000,46.8283 ± 11.3874,3.2905 ± 0.0903,577.2285 ± 26.7860,865.8428 ± 40.1791,0.6274 ± 0.0014,0.0808 ± 0.0005,0.0000 ± 0.0000,0.6274 ± 0.0014,N/A,0.1859 ± 0.0007,0.5442 ± 0.0025,N/A,21.8162 ± 1.6113,N/A,119.3675 ± 0.0361,75.1886 ± 0.3471,117.6207 ± 0.0321,1.0059 ± 0.0032,297.6202 ± 7.3733,0.8680 ± 0.0029,0.7812 ± 0.0026,0.0084 ± 0.0000,8.9437 ± 0.7752,-1144.7898 ± 99.2232,127.0000 ± 0.0000,0.0003 ± 0.0004,0.0056 ± 0.0044,0.9945 ± 0.0043,104.45% ± 4.96,0.0011 ± 0.0001,0.2771 ± 0.0038,0.9989 ± 0.0001,0.0000 ± 0.0000,0.0000 ± 0.0000,0.5379 ± 0.0031,0.0000 ± 0.0000,1000000000.0000 ± 0.0000,62002.4649 ± 13058.2619,14.9964 ± 0.0662,0.0767 ± 0.0005,0.2474 ± 0.0017
Noise_50.0%,GPT_Omni_MoE_Proxy,0.00% ± 0.00,94.11% ± 1.25,1.0000 ± 0.0000,0.9696 ± 0.0067,99.79% ± 0.05,0.9680 ± 0.0069,0.9979 ± 0.0005,0.9411 ± 0.0125,0.7239 ± 0.0014,0.7239 ± 0.0014,0.7239 ± 0.0014,0.7239 ± 0.0014,0.5038 ± 0.0006,0.7343 ± 0.0168,0.2690 ± 0.0007,0.0625 ± 0.0000,0.0042 ± 0.0010,0.0042 ± 0.0010,0.0589 ± 0.0125,0.0589 ± 0.0125,0.9958 ± 0.0010,85.62% ± 0.29,0.000741 ± 0.000158,0.3313 ± 0.0351,0.1922 ± 0.0384,-0.0528 ± 0.0644,4.8517 ± 0.0001,5.5926 ± 0.5875,0.3126 ± 0.0611,0.3126 ± 0.0611,19.3630 ± 3.9238,0.0001 ± 0.0001,106.3813 ± 4.0112,104.9834 ± 4.1149,16.0000 ± 0.0000,55.7458 ± 3.3699,3936332.4982 ± 503080.9486,104.9834 ± 4.1149,157.4750 ± 6.1723,0.6580 ± 0.0004,0.1698 ± 0.0001,0.0000 ± 0.0000,0.6580 ± 0.0004,N/A,0.1732 ± 0.0002,0.5038 ± 0.0006,N/A,4.5447 ± 0.0164,N/A,113.9688 ± 0.1617,58.9588 ± 0.7742,109.2226 ± 0.1586,1.0144 ± 0.0048,266.5261 ± 1.9577,0.6485 ± 0.0032,0.5837 ± 0.0029,0.0088 ± 0.0000,3.9467 ± 0.0129,-505.1765 ± 1.6490,127.0000 ± 0.0000,0.0193 ± 0.0002,0.0001 ± 0.0000,0.9999 ± 0.0000,245.26% ± 20.59,0.0007 ± 0.0001,0.1429 ± 0.0012,0.9993 ± 0.0001,0.0001 ± 0.0000,0.0000 ± 0.0000,0.0001 ± 0.0000,0.0000 ± 0.0000,1000000000.0000 ± 0.0000,213.1028 ± 11.1743,15.6746 ± 0.0478,0.1613 ± 0.0001,0.7762 ± 0.0040
Noise_50.0%,Mamba_SSM_Proxy,0.00% ± 0.00,99.22% ± 0.80,0.8840 ± 0.0903,0.9291 ± 0.0585,94.18% ± 4.52,0.9301 ± 0.0555,0.9418 ± 0.0452,0.8782 ± 0.0929,0.6764 ± 0.0036,0.6764 ± 0.0036,0.6764 ± 0.0036,0.6764 ± 0.0036,0.4761 ± 0.0031,0.5597 ± 0.0281,0.2453 ± 0.0015,0.0625 ± 0.0000,0.0004 ± 0.0004,0.0004 ± 0.0004,0.0078 ± 0.0080,0.0078 ± 0.0080,0.9996 ± 0.0004,89.08% ± 0.47,11.274615 ± 20.287734,21.3094 ± 32.1612,0.0009 ± 0.0008,0.0142 ± 0.0397,4.4353 ± 1.4488,229.0135 ± 304.2391,242.8466 ± 381.2002,242.8466 ± 381.2002,1.8788 ± 1.2486,0.0141 ± 0.0272,91.3217 ± 42.8724,82.3644 ± 41.0967,16.0000 ± 0.0000,272.7835 ± 58.1923,17.8937 ± 2.5733,82.3644 ± 41.0967,123.5466 ± 61.6450,0.6619 ± 0.0036,0.0000 ± 0.0000,0.0000 ± 0.0000,0.6619 ± 0.0036,N/A,0.1651 ± 0.0005,0.4823 ± 0.0024,N/A,4.0785 ± 0.0243,N/A,41.1009 ± 0.4791,11.2301 ± 0.4181,29.2778 ± 0.3708,1.0463 ± 0.0181,59.1536 ± 2.2645,0.3472 ± 0.0042,0.3125 ± 0.0038,0.0243 ± 0.0003,3.8952 ± 0.0968,-498.5890 ± 12.3899,127.0000 ± 0.0000,0.0205 ± 0.0017,0.0001 ± 0.0000,0.9999 ± 0.0000,272.00% ± 14.70,0.0055 ± 0.0011,0.0577 ± 0.0024,0.9945 ± 0.0011,0.0001 ± 0.0000,0.0000 ± 0.0000,0.9375 ± 0.0000,0.0000 ± 0.0000,1000000000.0000 ± 0.0000,96430.8966 ± 131548.2838,2.1394 ± 0.1955,0.0000 ± 0.0000,0.0625 ± 0.0000
Noise_50.0%,SAGUS,0.00% ± 0.00,29.08% ± 0.83,0.9500 ± 0.0127,0.4451 ± 0.0101,89.76% ± 0.68,0.4776 ± 0.0105,0.8976 ± 0.0068,0.2763 ± 0.0096,0.8697 ± 0.0080,0.8697 ± 0.0080,0.8697 ± 0.0080,0.8697 ± 0.0080,0.5263 ± 0.0017,0.6264 ± 0.0145,0.3208 ± 0.0025,0.0625 ± 0.0000,0.1548 ± 0.0057,0.1548 ± 0.0057,0.7092 ± 0.0083,0.7092 ± 0.0083,0.8452 ± 0.0057,68.38% ± 0.48,N/A,2.1205 ± 1.6549,N/A,0.4000 ± 0.5988,0.0000 ± 0.0000,4.3274 ± 3.0853,4.3274 ± 3.0853,5.4533 ± 2.1952,1.0000 ± 0.0000,0.0422 ± 0.0392,627.3232 ± 60.4220,491.3108 ± 31.3100,16.0000 ± 0.0000,50.5038 ± 10.9931,3.2004 ± 0.0807,491.3108 ± 31.3100,736.9662 ± 46.9650,0.6310 ± 0.0018,0.0811 ± 0.0003,0.0000 ± 0.0000,0.6310 ± 0.0018,N/A,0.1855 ± 0.0006,0.5431 ± 0.0020,N/A,16.7104 ± 1.7463,N/A,119.3273 ± 0.0575,73.7819 ± 0.5470,117.4913 ± 0.0470,1.0124 ± 0.0030,284.1718 ± 4.1201,0.8681 ± 0.0023,0.7813 ± 0.0021,0.0084 ± 0.0000,8.9954 ± 0.4875,-1151.4067 ± 62.3961,127.0000 ± 0.0000,0.0002 ± 0.0001,0.0045 ± 0.0017,0.9955 ± 0.0017,113.60% ± 5.02,0.0011 ± 0.0001,0.2771 ± 0.0022,0.9989 ± 0.0001,0.0000 ± 0.0000,0.0000 ± 0.0000,0.5371 ± 0.0028,0.0000 ± 0.0000,1000000000.0000 ± 0.0000,55914.7668 ± 6584.8940,15.1693 ± 0.0446,0.0770 ± 0.0003,0.2480 ± 0.0012
